[
  {
    "id": "22484c66-4734-4e33-b90b-7d90a7438aed",
    "data": [
      {
        "text": "Hola Luzio",
        "userDefined": false
      }
    ],
    "isTemplate": false,
    "count": 0,
    "updated": 1539986013
  },
  {
    "id": "5b1ebd4f-c931-4c08-8d76-9d7dec48969a",
    "data": [
      {
        "text": "Buenas noches",
        "userDefined": false
      }
    ],
    "isTemplate": false,
    "count": 0,
    "updated": 1539986013
  },
  {
    "id": "579bac2b-098e-4087-b2e7-cf77594b72c4",
    "data": [
      {
        "text": "Buenas tardes",
        "userDefined": false
      }
    ],
    "isTemplate": false,
    "count": 0,
    "updated": 1539986013
  },
  {
    "id": "d7b73dec-99de-4a68-aa64-7447a4b0cea4",
    "data": [
      {
        "text": "Buenos días",
        "userDefined": false
      }
    ],
    "isTemplate": false,
    "count": 0,
    "updated": 1539986013
  },
  {
    "id": "846d3f57-2553-4180-842c-c47fcaa74ef1",
    "data": [
      {
        "text": "Que tal",
        "userDefined": false
      }
    ],
    "isTemplate": false,
    "count": 0,
    "updated": 1539986013
  },
  {
    "id": "ade4a0fc-6a6a-4380-b5d4-bcba9fc40df6",
    "data": [
      {
        "text": "Hola",
        "userDefined": false
      }
    ],
    "isTemplate": false,
    "count": 0,
    "updated": 1539984568
  }
]